{"cameraMode":{"drawMode":0,"name":"Shaded","section":"Shading Mode"},"sceneLighting":false,"audioPlay":false,"sceneViewState":{"m_AlwaysRefresh":false,"showFog":true,"showSkybox":false,"showFlares":true,"showImageEffects":true,"showParticleSystems":true,"showVisualEffectGraphs":true,"m_FxEnabled":true},"in2DMode":false,"pivot":{"x":0.06085538864135742,"y":0.04872167110443115,"z":0.01546025276184082},"rotation":{"x":0.28924497961997988,"y":-0.5342261791229248,"z":0.20108440518379212,"w":0.7684448957443237},"size":3.393810987472534,"orthographic":false}